{"note":"This file is an internal implementation detail to speed up HTML report generation. Its format can change at any time. You might be looking for the JSON report: https://coverage.rtfd.io/cmd.html#cmd-json","format":5,"version":"7.11.0","globals":"c5df54899eac81c615c7df2e527e9149","files":{"z_4a9cca768ff3c21b___init___py":{"hash":"ca2411bb2d5283cba14da3ce60f5feec","index":{"url":"z_4a9cca768ff3c21b___init___py.html","file":"app\\api\\__init__.py","description":"","nums":{"precision":0,"n_files":1,"n_statements":0,"n_excluded":0,"n_missing":0,"n_branches":0,"n_partial_branches":0,"n_missing_branches":0}}},"z_4a9cca768ff3c21b_auth_py":{"hash":"4fb8fd2cbc51745fc6cb406a935d3f44","index":{"url":"z_4a9cca768ff3c21b_auth_py.html","file":"app\\api\\auth.py","description":"","nums":{"precision":0,"n_files":1,"n_statements":54,"n_excluded":29,"n_missing":0,"n_branches":12,"n_partial_branches":0,"n_missing_branches":0}}},"z_4a9cca768ff3c21b_auth_schemas_py":{"hash":"355150d876a6772083e511a078ecd517","index":{"url":"z_4a9cca768ff3c21b_auth_schemas_py.html","file":"app\\api\\auth_schemas.py","description":"","nums":{"precision":0,"n_files":1,"n_statements":29,"n_excluded":6,"n_missing":0,"n_branches":0,"n_partial_branches":0,"n_missing_branches":0}}},"z_4a9cca768ff3c21b_bulk_py":{"hash":"1dfd60bef65b179848865c9628263353","index":{"url":"z_4a9cca768ff3c21b_bulk_py.html","file":"app\\api\\bulk.py","description":"","nums":{"precision":0,"n_files":1,"n_statements":142,"n_excluded":0,"n_missing":0,"n_branches":34,"n_partial_branches":1,"n_missing_branches":1}}},"z_4a9cca768ff3c21b_companies_py":{"hash":"be5e3bd0eb23b4ed37c6bd598ac06e31","index":{"url":"z_4a9cca768ff3c21b_companies_py.html","file":"app\\api\\companies.py","description":"","nums":{"precision":0,"n_files":1,"n_statements":66,"n_excluded":0,"n_missing":0,"n_branches":20,"n_partial_branches":0,"n_missing_branches":0}}},"z_4a9cca768ff3c21b_export_py":{"hash":"6255d68c0191d783861c6827f6513359","index":{"url":"z_4a9cca768ff3c21b_export_py.html","file":"app\\api\\export.py","description":"","nums":{"precision":0,"n_files":1,"n_statements":99,"n_excluded":0,"n_missing":0,"n_branches":12,"n_partial_branches":0,"n_missing_branches":0}}},"z_4a9cca768ff3c21b_health_py":{"hash":"f29eac00d6fd8f256412519d8234ec72","index":{"url":"z_4a9cca768ff3c21b_health_py.html","file":"app\\api\\health.py","description":"","nums":{"precision":0,"n_files":1,"n_statements":41,"n_excluded":0,"n_missing":0,"n_branches":2,"n_partial_branches":0,"n_missing_branches":0}}},"z_4a9cca768ff3c21b_schemas_py":{"hash":"75f8b1344c06e6c703e3557812582bf2","index":{"url":"z_4a9cca768ff3c21b_schemas_py.html","file":"app\\api\\schemas.py","description":"","nums":{"precision":0,"n_files":1,"n_statements":109,"n_excluded":0,"n_missing":0,"n_branches":0,"n_partial_branches":0,"n_missing_branches":0}}},"z_4a9cca768ff3c21b_scoring_py":{"hash":"e37e4f754343c8eaf528f01b63ec378e","index":{"url":"z_4a9cca768ff3c21b_scoring_py.html","file":"app\\api\\scoring.py","description":"","nums":{"precision":0,"n_files":1,"n_statements":114,"n_excluded":0,"n_missing":0,"n_branches":22,"n_partial_branches":5,"n_missing_branches":5}}},"z_4a9cca768ff3c21b_scraping_py":{"hash":"7cb05e7636fd9765c5bcbf20032a6ebb","index":{"url":"z_4a9cca768ff3c21b_scraping_py.html","file":"app\\api\\scraping.py","description":"","nums":{"precision":0,"n_files":1,"n_statements":94,"n_excluded":0,"n_missing":0,"n_branches":28,"n_partial_branches":3,"n_missing_branches":3}}},"z_4a9cca768ff3c21b_webhooks_py":{"hash":"34671a22e0339f341879489a581d10bc","index":{"url":"z_4a9cca768ff3c21b_webhooks_py.html","file":"app\\api\\webhooks.py","description":"","nums":{"precision":0,"n_files":1,"n_statements":95,"n_excluded":35,"n_missing":0,"n_branches":20,"n_partial_branches":2,"n_missing_branches":2}}}}}